{"904907c4": {"skills": ["Java", "CSS", "Python", "HTML", "SQL", "JavaScript", "Git"], "courses": ["Advanced Java", "Responsive Web Design with CSS", "Python Data Structures and Algorithms"], "completed_courses": []}, "a3040501": {"skills": ["marketing", "communication"], "courses": ["Digital Marketing Fundamentals", "Project Management Principles", "Advanced Communication Strategies"], "completed_courses": []}, "729ec64d": {"skills": ["communication", "marketing"], "courses": ["Digital Marketing Fundamentals", "Project Management Principles", "Advanced Communication Skills"], "completed_courses": []}, "4b39e886": {"skills": ["communication", "marketing"], "courses": ["Digital Marketing Fundamentals", "Project Management Principles", "Advanced Communication Skills"], "completed_courses": []}, "7ffdde3c": {"skills": ["CSS", "Git", "Python", "JavaScript", "Java", "HTML", "SQL"], "courses": [], "completed_courses": []}, "63efae6c": {"skills": ["communication", "marketing"], "courses": ["Digital Marketing", "Project Management Fundamentals", "Communication Skills for Professionals"], "completed_courses": []}, "c3975601": {"skills": ["communication", "marketing"], "courses": ["Digital Marketing", "Project Management Fundamentals", "Communication and Presentation Skills"], "completed_courses": []}, "92ce6bfa": {"skills": ["SQL", "CSS", "JavaScript", "Java", "Git", "HTML", "Python"], "courses": [], "completed_courses": []}, "e1539878": {"skills": ["Java", "SQL", "CSS", "Python", "HTML", "JavaScript", "Git"], "courses": [], "completed_courses": []}, "5299337d": {"skills": ["teamwork", "SQL", "Python", "Scikit-learn", "communication", "Excel", "Git", "Tableau", "Pandas"], "courses": [], "completed_courses": []}, "fb0811d5": {"skills": ["Python", "Java", "Git", "JavaScript", "CSS", "HTML", "SQL"], "courses": [], "completed_courses": []}, "22010897": {"skills": ["HTML", "Java", "SQL", "Git", "JavaScript", "Python", "CSS"], "courses": [], "completed_courses": []}, "5cdc1d5c": {"skills": ["CSS", "Git", "Python", "HTML", "JavaScript", "Java", "SQL"], "courses": ["Advanced Python", "SQL for Data Analysis", "React.js (to build upon your JavaScript knowledge)"], "completed_courses": []}}